sequence_id,cluster,kingdom,kingdom_confidence,kingdom_source,phylum,phylum_confidence,phylum_source,class,class_confidence,class_source,order,order_confidence,order_source,family,family_confidence,family_source,genus,genus_confidence,genus_source,species,species_confidence,species_source,is_novel
seq_0,0,Potential Novel Kingdom (Cluster 0),0.0,Potential Novel Cluster,Potential Novel Phylum (Cluster 0),0.0,Potential Novel Cluster,Potential Novel Class (Cluster 0),0.0,Potential Novel Cluster,Potential Novel Order (Cluster 0),0.0,Potential Novel Cluster,Potential Novel Family (Cluster 0),0.0,Potential Novel Cluster,Potential Novel Genus (Cluster 0),0.0,Potential Novel Cluster,Potential Novel Species (Cluster 0),0.0,Potential Novel Cluster,True
seq_1,0,Potential Novel Kingdom (Cluster 0),0.0,Potential Novel Cluster,Potential Novel Phylum (Cluster 0),0.0,Potential Novel Cluster,Potential Novel Class (Cluster 0),0.0,Potential Novel Cluster,Potential Novel Order (Cluster 0),0.0,Potential Novel Cluster,Potential Novel Family (Cluster 0),0.0,Potential Novel Cluster,Potential Novel Genus (Cluster 0),0.0,Potential Novel Cluster,Potential Novel Species (Cluster 0),0.0,Potential Novel Cluster,True
seq_2,-1,Unidentified,0.0,Noise,Unidentified,0.0,Noise,Unidentified,0.0,Noise,Unidentified,0.0,Noise,Unidentified,0.0,Noise,Unidentified,0.0,Noise,Unidentified,0.0,Noise,False
seq_3,1,Potential Novel Kingdom (Cluster 1),0.0,Potential Novel Cluster,Potential Novel Phylum (Cluster 1),0.0,Potential Novel Cluster,Potential Novel Class (Cluster 1),0.0,Potential Novel Cluster,Potential Novel Order (Cluster 1),0.0,Potential Novel Cluster,Potential Novel Family (Cluster 1),0.0,Potential Novel Cluster,Potential Novel Genus (Cluster 1),0.0,Potential Novel Cluster,Potential Novel Species (Cluster 1),0.0,Potential Novel Cluster,True
seq_4,0,Potential Novel Kingdom (Cluster 0),0.0,Potential Novel Cluster,Potential Novel Phylum (Cluster 0),0.0,Potential Novel Cluster,Potential Novel Class (Cluster 0),0.0,Potential Novel Cluster,Potential Novel Order (Cluster 0),0.0,Potential Novel Cluster,Potential Novel Family (Cluster 0),0.0,Potential Novel Cluster,Potential Novel Genus (Cluster 0),0.0,Potential Novel Cluster,Potential Novel Species (Cluster 0),0.0,Potential Novel Cluster,True
seq_5,0,Potential Novel Kingdom (Cluster 0),0.0,Potential Novel Cluster,Potential Novel Phylum (Cluster 0),0.0,Potential Novel Cluster,Potential Novel Class (Cluster 0),0.0,Potential Novel Cluster,Potential Novel Order (Cluster 0),0.0,Potential Novel Cluster,Potential Novel Family (Cluster 0),0.0,Potential Novel Cluster,Potential Novel Genus (Cluster 0),0.0,Potential Novel Cluster,Potential Novel Species (Cluster 0),0.0,Potential Novel Cluster,True
seq_6,-1,Unidentified,0.0,Noise,Unidentified,0.0,Noise,Unidentified,0.0,Noise,Unidentified,0.0,Noise,Unidentified,0.0,Noise,Unidentified,0.0,Noise,Unidentified,0.0,Noise,False
seq_7,0,Potential Novel Kingdom (Cluster 0),0.0,Potential Novel Cluster,Potential Novel Phylum (Cluster 0),0.0,Potential Novel Cluster,Potential Novel Class (Cluster 0),0.0,Potential Novel Cluster,Potential Novel Order (Cluster 0),0.0,Potential Novel Cluster,Potential Novel Family (Cluster 0),0.0,Potential Novel Cluster,Potential Novel Genus (Cluster 0),0.0,Potential Novel Cluster,Potential Novel Species (Cluster 0),0.0,Potential Novel Cluster,True
seq_8,0,Potential Novel Kingdom (Cluster 0),0.0,Potential Novel Cluster,Potential Novel Phylum (Cluster 0),0.0,Potential Novel Cluster,Potential Novel Class (Cluster 0),0.0,Potential Novel Cluster,Potential Novel Order (Cluster 0),0.0,Potential Novel Cluster,Potential Novel Family (Cluster 0),0.0,Potential Novel Cluster,Potential Novel Genus (Cluster 0),0.0,Potential Novel Cluster,Potential Novel Species (Cluster 0),0.0,Potential Novel Cluster,True
seq_9,-1,Unidentified,0.0,Noise,Unidentified,0.0,Noise,Unidentified,0.0,Noise,Unidentified,0.0,Noise,Unidentified,0.0,Noise,Unidentified,0.0,Noise,Unidentified,0.0,Noise,False
seq_10,-1,Unidentified,0.0,Noise,Unidentified,0.0,Noise,Unidentified,0.0,Noise,Unidentified,0.0,Noise,Unidentified,0.0,Noise,Unidentified,0.0,Noise,Unidentified,0.0,Noise,False
seq_11,0,Potential Novel Kingdom (Cluster 0),0.0,Potential Novel Cluster,Potential Novel Phylum (Cluster 0),0.0,Potential Novel Cluster,Potential Novel Class (Cluster 0),0.0,Potential Novel Cluster,Potential Novel Order (Cluster 0),0.0,Potential Novel Cluster,Potential Novel Family (Cluster 0),0.0,Potential Novel Cluster,Potential Novel Genus (Cluster 0),0.0,Potential Novel Cluster,Potential Novel Species (Cluster 0),0.0,Potential Novel Cluster,True
seq_12,-1,Unidentified,0.0,Noise,Unidentified,0.0,Noise,Unidentified,0.0,Noise,Unidentified,0.0,Noise,Unidentified,0.0,Noise,Unidentified,0.0,Noise,Unidentified,0.0,Noise,False
seq_13,0,Potential Novel Kingdom (Cluster 0),0.0,Potential Novel Cluster,Potential Novel Phylum (Cluster 0),0.0,Potential Novel Cluster,Potential Novel Class (Cluster 0),0.0,Potential Novel Cluster,Potential Novel Order (Cluster 0),0.0,Potential Novel Cluster,Potential Novel Family (Cluster 0),0.0,Potential Novel Cluster,Potential Novel Genus (Cluster 0),0.0,Potential Novel Cluster,Potential Novel Species (Cluster 0),0.0,Potential Novel Cluster,True
seq_14,-1,Unidentified,0.0,Noise,Unidentified,0.0,Noise,Unidentified,0.0,Noise,Unidentified,0.0,Noise,Unidentified,0.0,Noise,Unidentified,0.0,Noise,Unidentified,0.0,Noise,False
seq_15,-1,Unidentified,0.0,Noise,Unidentified,0.0,Noise,Unidentified,0.0,Noise,Unidentified,0.0,Noise,Unidentified,0.0,Noise,Unidentified,0.0,Noise,Unidentified,0.0,Noise,False
seq_16,-1,Unidentified,0.0,Noise,Unidentified,0.0,Noise,Unidentified,0.0,Noise,Unidentified,0.0,Noise,Unidentified,0.0,Noise,Unidentified,0.0,Noise,Unidentified,0.0,Noise,False
seq_17,-1,Unidentified,0.0,Noise,Unidentified,0.0,Noise,Unidentified,0.0,Noise,Unidentified,0.0,Noise,Unidentified,0.0,Noise,Unidentified,0.0,Noise,Unidentified,0.0,Noise,False
seq_18,0,Potential Novel Kingdom (Cluster 0),0.0,Potential Novel Cluster,Potential Novel Phylum (Cluster 0),0.0,Potential Novel Cluster,Potential Novel Class (Cluster 0),0.0,Potential Novel Cluster,Potential Novel Order (Cluster 0),0.0,Potential Novel Cluster,Potential Novel Family (Cluster 0),0.0,Potential Novel Cluster,Potential Novel Genus (Cluster 0),0.0,Potential Novel Cluster,Potential Novel Species (Cluster 0),0.0,Potential Novel Cluster,True
seq_19,0,Potential Novel Kingdom (Cluster 0),0.0,Potential Novel Cluster,Potential Novel Phylum (Cluster 0),0.0,Potential Novel Cluster,Potential Novel Class (Cluster 0),0.0,Potential Novel Cluster,Potential Novel Order (Cluster 0),0.0,Potential Novel Cluster,Potential Novel Family (Cluster 0),0.0,Potential Novel Cluster,Potential Novel Genus (Cluster 0),0.0,Potential Novel Cluster,Potential Novel Species (Cluster 0),0.0,Potential Novel Cluster,True
seq_20,0,Potential Novel Kingdom (Cluster 0),0.0,Potential Novel Cluster,Potential Novel Phylum (Cluster 0),0.0,Potential Novel Cluster,Potential Novel Class (Cluster 0),0.0,Potential Novel Cluster,Potential Novel Order (Cluster 0),0.0,Potential Novel Cluster,Potential Novel Family (Cluster 0),0.0,Potential Novel Cluster,Potential Novel Genus (Cluster 0),0.0,Potential Novel Cluster,Potential Novel Species (Cluster 0),0.0,Potential Novel Cluster,True
seq_21,1,Potential Novel Kingdom (Cluster 1),0.0,Potential Novel Cluster,Potential Novel Phylum (Cluster 1),0.0,Potential Novel Cluster,Potential Novel Class (Cluster 1),0.0,Potential Novel Cluster,Potential Novel Order (Cluster 1),0.0,Potential Novel Cluster,Potential Novel Family (Cluster 1),0.0,Potential Novel Cluster,Potential Novel Genus (Cluster 1),0.0,Potential Novel Cluster,Potential Novel Species (Cluster 1),0.0,Potential Novel Cluster,True
seq_22,1,Potential Novel Kingdom (Cluster 1),0.0,Potential Novel Cluster,Potential Novel Phylum (Cluster 1),0.0,Potential Novel Cluster,Potential Novel Class (Cluster 1),0.0,Potential Novel Cluster,Potential Novel Order (Cluster 1),0.0,Potential Novel Cluster,Potential Novel Family (Cluster 1),0.0,Potential Novel Cluster,Potential Novel Genus (Cluster 1),0.0,Potential Novel Cluster,Potential Novel Species (Cluster 1),0.0,Potential Novel Cluster,True
seq_23,-1,Unidentified,0.0,Noise,Unidentified,0.0,Noise,Unidentified,0.0,Noise,Unidentified,0.0,Noise,Unidentified,0.0,Noise,Unidentified,0.0,Noise,Unidentified,0.0,Noise,False
seq_24,0,Potential Novel Kingdom (Cluster 0),0.0,Potential Novel Cluster,Potential Novel Phylum (Cluster 0),0.0,Potential Novel Cluster,Potential Novel Class (Cluster 0),0.0,Potential Novel Cluster,Potential Novel Order (Cluster 0),0.0,Potential Novel Cluster,Potential Novel Family (Cluster 0),0.0,Potential Novel Cluster,Potential Novel Genus (Cluster 0),0.0,Potential Novel Cluster,Potential Novel Species (Cluster 0),0.0,Potential Novel Cluster,True
seq_25,-1,Unidentified,0.0,Noise,Unidentified,0.0,Noise,Unidentified,0.0,Noise,Unidentified,0.0,Noise,Unidentified,0.0,Noise,Unidentified,0.0,Noise,Unidentified,0.0,Noise,False
seq_26,0,Potential Novel Kingdom (Cluster 0),0.0,Potential Novel Cluster,Potential Novel Phylum (Cluster 0),0.0,Potential Novel Cluster,Potential Novel Class (Cluster 0),0.0,Potential Novel Cluster,Potential Novel Order (Cluster 0),0.0,Potential Novel Cluster,Potential Novel Family (Cluster 0),0.0,Potential Novel Cluster,Potential Novel Genus (Cluster 0),0.0,Potential Novel Cluster,Potential Novel Species (Cluster 0),0.0,Potential Novel Cluster,True
seq_27,0,Potential Novel Kingdom (Cluster 0),0.0,Potential Novel Cluster,Potential Novel Phylum (Cluster 0),0.0,Potential Novel Cluster,Potential Novel Class (Cluster 0),0.0,Potential Novel Cluster,Potential Novel Order (Cluster 0),0.0,Potential Novel Cluster,Potential Novel Family (Cluster 0),0.0,Potential Novel Cluster,Potential Novel Genus (Cluster 0),0.0,Potential Novel Cluster,Potential Novel Species (Cluster 0),0.0,Potential Novel Cluster,True
seq_28,0,Potential Novel Kingdom (Cluster 0),0.0,Potential Novel Cluster,Potential Novel Phylum (Cluster 0),0.0,Potential Novel Cluster,Potential Novel Class (Cluster 0),0.0,Potential Novel Cluster,Potential Novel Order (Cluster 0),0.0,Potential Novel Cluster,Potential Novel Family (Cluster 0),0.0,Potential Novel Cluster,Potential Novel Genus (Cluster 0),0.0,Potential Novel Cluster,Potential Novel Species (Cluster 0),0.0,Potential Novel Cluster,True
seq_29,0,Potential Novel Kingdom (Cluster 0),0.0,Potential Novel Cluster,Potential Novel Phylum (Cluster 0),0.0,Potential Novel Cluster,Potential Novel Class (Cluster 0),0.0,Potential Novel Cluster,Potential Novel Order (Cluster 0),0.0,Potential Novel Cluster,Potential Novel Family (Cluster 0),0.0,Potential Novel Cluster,Potential Novel Genus (Cluster 0),0.0,Potential Novel Cluster,Potential Novel Species (Cluster 0),0.0,Potential Novel Cluster,True
seq_30,0,Potential Novel Kingdom (Cluster 0),0.0,Potential Novel Cluster,Potential Novel Phylum (Cluster 0),0.0,Potential Novel Cluster,Potential Novel Class (Cluster 0),0.0,Potential Novel Cluster,Potential Novel Order (Cluster 0),0.0,Potential Novel Cluster,Potential Novel Family (Cluster 0),0.0,Potential Novel Cluster,Potential Novel Genus (Cluster 0),0.0,Potential Novel Cluster,Potential Novel Species (Cluster 0),0.0,Potential Novel Cluster,True
seq_31,-1,Unidentified,0.0,Noise,Unidentified,0.0,Noise,Unidentified,0.0,Noise,Unidentified,0.0,Noise,Unidentified,0.0,Noise,Unidentified,0.0,Noise,Unidentified,0.0,Noise,False
seq_32,0,Potential Novel Kingdom (Cluster 0),0.0,Potential Novel Cluster,Potential Novel Phylum (Cluster 0),0.0,Potential Novel Cluster,Potential Novel Class (Cluster 0),0.0,Potential Novel Cluster,Potential Novel Order (Cluster 0),0.0,Potential Novel Cluster,Potential Novel Family (Cluster 0),0.0,Potential Novel Cluster,Potential Novel Genus (Cluster 0),0.0,Potential Novel Cluster,Potential Novel Species (Cluster 0),0.0,Potential Novel Cluster,True
seq_33,-1,Unidentified,0.0,Noise,Unidentified,0.0,Noise,Unidentified,0.0,Noise,Unidentified,0.0,Noise,Unidentified,0.0,Noise,Unidentified,0.0,Noise,Unidentified,0.0,Noise,False
seq_34,0,Potential Novel Kingdom (Cluster 0),0.0,Potential Novel Cluster,Potential Novel Phylum (Cluster 0),0.0,Potential Novel Cluster,Potential Novel Class (Cluster 0),0.0,Potential Novel Cluster,Potential Novel Order (Cluster 0),0.0,Potential Novel Cluster,Potential Novel Family (Cluster 0),0.0,Potential Novel Cluster,Potential Novel Genus (Cluster 0),0.0,Potential Novel Cluster,Potential Novel Species (Cluster 0),0.0,Potential Novel Cluster,True
seq_35,-1,Unidentified,0.0,Noise,Unidentified,0.0,Noise,Unidentified,0.0,Noise,Unidentified,0.0,Noise,Unidentified,0.0,Noise,Unidentified,0.0,Noise,Unidentified,0.0,Noise,False
seq_36,-1,Unidentified,0.0,Noise,Unidentified,0.0,Noise,Unidentified,0.0,Noise,Unidentified,0.0,Noise,Unidentified,0.0,Noise,Unidentified,0.0,Noise,Unidentified,0.0,Noise,False
seq_37,-1,Unidentified,0.0,Noise,Unidentified,0.0,Noise,Unidentified,0.0,Noise,Unidentified,0.0,Noise,Unidentified,0.0,Noise,Unidentified,0.0,Noise,Unidentified,0.0,Noise,False
seq_38,0,Potential Novel Kingdom (Cluster 0),0.0,Potential Novel Cluster,Potential Novel Phylum (Cluster 0),0.0,Potential Novel Cluster,Potential Novel Class (Cluster 0),0.0,Potential Novel Cluster,Potential Novel Order (Cluster 0),0.0,Potential Novel Cluster,Potential Novel Family (Cluster 0),0.0,Potential Novel Cluster,Potential Novel Genus (Cluster 0),0.0,Potential Novel Cluster,Potential Novel Species (Cluster 0),0.0,Potential Novel Cluster,True
seq_39,0,Potential Novel Kingdom (Cluster 0),0.0,Potential Novel Cluster,Potential Novel Phylum (Cluster 0),0.0,Potential Novel Cluster,Potential Novel Class (Cluster 0),0.0,Potential Novel Cluster,Potential Novel Order (Cluster 0),0.0,Potential Novel Cluster,Potential Novel Family (Cluster 0),0.0,Potential Novel Cluster,Potential Novel Genus (Cluster 0),0.0,Potential Novel Cluster,Potential Novel Species (Cluster 0),0.0,Potential Novel Cluster,True
seq_40,-1,Unidentified,0.0,Noise,Unidentified,0.0,Noise,Unidentified,0.0,Noise,Unidentified,0.0,Noise,Unidentified,0.0,Noise,Unidentified,0.0,Noise,Unidentified,0.0,Noise,False
seq_41,0,Potential Novel Kingdom (Cluster 0),0.0,Potential Novel Cluster,Potential Novel Phylum (Cluster 0),0.0,Potential Novel Cluster,Potential Novel Class (Cluster 0),0.0,Potential Novel Cluster,Potential Novel Order (Cluster 0),0.0,Potential Novel Cluster,Potential Novel Family (Cluster 0),0.0,Potential Novel Cluster,Potential Novel Genus (Cluster 0),0.0,Potential Novel Cluster,Potential Novel Species (Cluster 0),0.0,Potential Novel Cluster,True
seq_42,-1,Unidentified,0.0,Noise,Unidentified,0.0,Noise,Unidentified,0.0,Noise,Unidentified,0.0,Noise,Unidentified,0.0,Noise,Unidentified,0.0,Noise,Unidentified,0.0,Noise,False
seq_43,1,Potential Novel Kingdom (Cluster 1),0.0,Potential Novel Cluster,Potential Novel Phylum (Cluster 1),0.0,Potential Novel Cluster,Potential Novel Class (Cluster 1),0.0,Potential Novel Cluster,Potential Novel Order (Cluster 1),0.0,Potential Novel Cluster,Potential Novel Family (Cluster 1),0.0,Potential Novel Cluster,Potential Novel Genus (Cluster 1),0.0,Potential Novel Cluster,Potential Novel Species (Cluster 1),0.0,Potential Novel Cluster,True
seq_44,0,Potential Novel Kingdom (Cluster 0),0.0,Potential Novel Cluster,Potential Novel Phylum (Cluster 0),0.0,Potential Novel Cluster,Potential Novel Class (Cluster 0),0.0,Potential Novel Cluster,Potential Novel Order (Cluster 0),0.0,Potential Novel Cluster,Potential Novel Family (Cluster 0),0.0,Potential Novel Cluster,Potential Novel Genus (Cluster 0),0.0,Potential Novel Cluster,Potential Novel Species (Cluster 0),0.0,Potential Novel Cluster,True
seq_45,-1,Unidentified,0.0,Noise,Unidentified,0.0,Noise,Unidentified,0.0,Noise,Unidentified,0.0,Noise,Unidentified,0.0,Noise,Unidentified,0.0,Noise,Unidentified,0.0,Noise,False
seq_46,0,Potential Novel Kingdom (Cluster 0),0.0,Potential Novel Cluster,Potential Novel Phylum (Cluster 0),0.0,Potential Novel Cluster,Potential Novel Class (Cluster 0),0.0,Potential Novel Cluster,Potential Novel Order (Cluster 0),0.0,Potential Novel Cluster,Potential Novel Family (Cluster 0),0.0,Potential Novel Cluster,Potential Novel Genus (Cluster 0),0.0,Potential Novel Cluster,Potential Novel Species (Cluster 0),0.0,Potential Novel Cluster,True
seq_47,-1,Unidentified,0.0,Noise,Unidentified,0.0,Noise,Unidentified,0.0,Noise,Unidentified,0.0,Noise,Unidentified,0.0,Noise,Unidentified,0.0,Noise,Unidentified,0.0,Noise,False
seq_48,-1,Unidentified,0.0,Noise,Unidentified,0.0,Noise,Unidentified,0.0,Noise,Unidentified,0.0,Noise,Unidentified,0.0,Noise,Unidentified,0.0,Noise,Unidentified,0.0,Noise,False
seq_49,0,Potential Novel Kingdom (Cluster 0),0.0,Potential Novel Cluster,Potential Novel Phylum (Cluster 0),0.0,Potential Novel Cluster,Potential Novel Class (Cluster 0),0.0,Potential Novel Cluster,Potential Novel Order (Cluster 0),0.0,Potential Novel Cluster,Potential Novel Family (Cluster 0),0.0,Potential Novel Cluster,Potential Novel Genus (Cluster 0),0.0,Potential Novel Cluster,Potential Novel Species (Cluster 0),0.0,Potential Novel Cluster,True
seq_50,0,Potential Novel Kingdom (Cluster 0),0.0,Potential Novel Cluster,Potential Novel Phylum (Cluster 0),0.0,Potential Novel Cluster,Potential Novel Class (Cluster 0),0.0,Potential Novel Cluster,Potential Novel Order (Cluster 0),0.0,Potential Novel Cluster,Potential Novel Family (Cluster 0),0.0,Potential Novel Cluster,Potential Novel Genus (Cluster 0),0.0,Potential Novel Cluster,Potential Novel Species (Cluster 0),0.0,Potential Novel Cluster,True
seq_51,-1,Unidentified,0.0,Noise,Unidentified,0.0,Noise,Unidentified,0.0,Noise,Unidentified,0.0,Noise,Unidentified,0.0,Noise,Unidentified,0.0,Noise,Unidentified,0.0,Noise,False
seq_52,0,Potential Novel Kingdom (Cluster 0),0.0,Potential Novel Cluster,Potential Novel Phylum (Cluster 0),0.0,Potential Novel Cluster,Potential Novel Class (Cluster 0),0.0,Potential Novel Cluster,Potential Novel Order (Cluster 0),0.0,Potential Novel Cluster,Potential Novel Family (Cluster 0),0.0,Potential Novel Cluster,Potential Novel Genus (Cluster 0),0.0,Potential Novel Cluster,Potential Novel Species (Cluster 0),0.0,Potential Novel Cluster,True
seq_53,-1,Unidentified,0.0,Noise,Unidentified,0.0,Noise,Unidentified,0.0,Noise,Unidentified,0.0,Noise,Unidentified,0.0,Noise,Unidentified,0.0,Noise,Unidentified,0.0,Noise,False
seq_54,1,Potential Novel Kingdom (Cluster 1),0.0,Potential Novel Cluster,Potential Novel Phylum (Cluster 1),0.0,Potential Novel Cluster,Potential Novel Class (Cluster 1),0.0,Potential Novel Cluster,Potential Novel Order (Cluster 1),0.0,Potential Novel Cluster,Potential Novel Family (Cluster 1),0.0,Potential Novel Cluster,Potential Novel Genus (Cluster 1),0.0,Potential Novel Cluster,Potential Novel Species (Cluster 1),0.0,Potential Novel Cluster,True
seq_55,-1,Unidentified,0.0,Noise,Unidentified,0.0,Noise,Unidentified,0.0,Noise,Unidentified,0.0,Noise,Unidentified,0.0,Noise,Unidentified,0.0,Noise,Unidentified,0.0,Noise,False
seq_56,0,Potential Novel Kingdom (Cluster 0),0.0,Potential Novel Cluster,Potential Novel Phylum (Cluster 0),0.0,Potential Novel Cluster,Potential Novel Class (Cluster 0),0.0,Potential Novel Cluster,Potential Novel Order (Cluster 0),0.0,Potential Novel Cluster,Potential Novel Family (Cluster 0),0.0,Potential Novel Cluster,Potential Novel Genus (Cluster 0),0.0,Potential Novel Cluster,Potential Novel Species (Cluster 0),0.0,Potential Novel Cluster,True
seq_57,-1,Unidentified,0.0,Noise,Unidentified,0.0,Noise,Unidentified,0.0,Noise,Unidentified,0.0,Noise,Unidentified,0.0,Noise,Unidentified,0.0,Noise,Unidentified,0.0,Noise,False
seq_58,0,Potential Novel Kingdom (Cluster 0),0.0,Potential Novel Cluster,Potential Novel Phylum (Cluster 0),0.0,Potential Novel Cluster,Potential Novel Class (Cluster 0),0.0,Potential Novel Cluster,Potential Novel Order (Cluster 0),0.0,Potential Novel Cluster,Potential Novel Family (Cluster 0),0.0,Potential Novel Cluster,Potential Novel Genus (Cluster 0),0.0,Potential Novel Cluster,Potential Novel Species (Cluster 0),0.0,Potential Novel Cluster,True
seq_59,0,Potential Novel Kingdom (Cluster 0),0.0,Potential Novel Cluster,Potential Novel Phylum (Cluster 0),0.0,Potential Novel Cluster,Potential Novel Class (Cluster 0),0.0,Potential Novel Cluster,Potential Novel Order (Cluster 0),0.0,Potential Novel Cluster,Potential Novel Family (Cluster 0),0.0,Potential Novel Cluster,Potential Novel Genus (Cluster 0),0.0,Potential Novel Cluster,Potential Novel Species (Cluster 0),0.0,Potential Novel Cluster,True
seq_60,0,Potential Novel Kingdom (Cluster 0),0.0,Potential Novel Cluster,Potential Novel Phylum (Cluster 0),0.0,Potential Novel Cluster,Potential Novel Class (Cluster 0),0.0,Potential Novel Cluster,Potential Novel Order (Cluster 0),0.0,Potential Novel Cluster,Potential Novel Family (Cluster 0),0.0,Potential Novel Cluster,Potential Novel Genus (Cluster 0),0.0,Potential Novel Cluster,Potential Novel Species (Cluster 0),0.0,Potential Novel Cluster,True
seq_61,0,Potential Novel Kingdom (Cluster 0),0.0,Potential Novel Cluster,Potential Novel Phylum (Cluster 0),0.0,Potential Novel Cluster,Potential Novel Class (Cluster 0),0.0,Potential Novel Cluster,Potential Novel Order (Cluster 0),0.0,Potential Novel Cluster,Potential Novel Family (Cluster 0),0.0,Potential Novel Cluster,Potential Novel Genus (Cluster 0),0.0,Potential Novel Cluster,Potential Novel Species (Cluster 0),0.0,Potential Novel Cluster,True
seq_62,-1,Unidentified,0.0,Noise,Unidentified,0.0,Noise,Unidentified,0.0,Noise,Unidentified,0.0,Noise,Unidentified,0.0,Noise,Unidentified,0.0,Noise,Unidentified,0.0,Noise,False
seq_63,-1,Unidentified,0.0,Noise,Unidentified,0.0,Noise,Unidentified,0.0,Noise,Unidentified,0.0,Noise,Unidentified,0.0,Noise,Unidentified,0.0,Noise,Unidentified,0.0,Noise,False
seq_64,0,Potential Novel Kingdom (Cluster 0),0.0,Potential Novel Cluster,Potential Novel Phylum (Cluster 0),0.0,Potential Novel Cluster,Potential Novel Class (Cluster 0),0.0,Potential Novel Cluster,Potential Novel Order (Cluster 0),0.0,Potential Novel Cluster,Potential Novel Family (Cluster 0),0.0,Potential Novel Cluster,Potential Novel Genus (Cluster 0),0.0,Potential Novel Cluster,Potential Novel Species (Cluster 0),0.0,Potential Novel Cluster,True
seq_65,0,Potential Novel Kingdom (Cluster 0),0.0,Potential Novel Cluster,Potential Novel Phylum (Cluster 0),0.0,Potential Novel Cluster,Potential Novel Class (Cluster 0),0.0,Potential Novel Cluster,Potential Novel Order (Cluster 0),0.0,Potential Novel Cluster,Potential Novel Family (Cluster 0),0.0,Potential Novel Cluster,Potential Novel Genus (Cluster 0),0.0,Potential Novel Cluster,Potential Novel Species (Cluster 0),0.0,Potential Novel Cluster,True
seq_66,-1,Unidentified,0.0,Noise,Unidentified,0.0,Noise,Unidentified,0.0,Noise,Unidentified,0.0,Noise,Unidentified,0.0,Noise,Unidentified,0.0,Noise,Unidentified,0.0,Noise,False
seq_67,0,Potential Novel Kingdom (Cluster 0),0.0,Potential Novel Cluster,Potential Novel Phylum (Cluster 0),0.0,Potential Novel Cluster,Potential Novel Class (Cluster 0),0.0,Potential Novel Cluster,Potential Novel Order (Cluster 0),0.0,Potential Novel Cluster,Potential Novel Family (Cluster 0),0.0,Potential Novel Cluster,Potential Novel Genus (Cluster 0),0.0,Potential Novel Cluster,Potential Novel Species (Cluster 0),0.0,Potential Novel Cluster,True
seq_68,0,Potential Novel Kingdom (Cluster 0),0.0,Potential Novel Cluster,Potential Novel Phylum (Cluster 0),0.0,Potential Novel Cluster,Potential Novel Class (Cluster 0),0.0,Potential Novel Cluster,Potential Novel Order (Cluster 0),0.0,Potential Novel Cluster,Potential Novel Family (Cluster 0),0.0,Potential Novel Cluster,Potential Novel Genus (Cluster 0),0.0,Potential Novel Cluster,Potential Novel Species (Cluster 0),0.0,Potential Novel Cluster,True
seq_69,-1,Unidentified,0.0,Noise,Unidentified,0.0,Noise,Unidentified,0.0,Noise,Unidentified,0.0,Noise,Unidentified,0.0,Noise,Unidentified,0.0,Noise,Unidentified,0.0,Noise,False
seq_70,0,Potential Novel Kingdom (Cluster 0),0.0,Potential Novel Cluster,Potential Novel Phylum (Cluster 0),0.0,Potential Novel Cluster,Potential Novel Class (Cluster 0),0.0,Potential Novel Cluster,Potential Novel Order (Cluster 0),0.0,Potential Novel Cluster,Potential Novel Family (Cluster 0),0.0,Potential Novel Cluster,Potential Novel Genus (Cluster 0),0.0,Potential Novel Cluster,Potential Novel Species (Cluster 0),0.0,Potential Novel Cluster,True
seq_71,0,Potential Novel Kingdom (Cluster 0),0.0,Potential Novel Cluster,Potential Novel Phylum (Cluster 0),0.0,Potential Novel Cluster,Potential Novel Class (Cluster 0),0.0,Potential Novel Cluster,Potential Novel Order (Cluster 0),0.0,Potential Novel Cluster,Potential Novel Family (Cluster 0),0.0,Potential Novel Cluster,Potential Novel Genus (Cluster 0),0.0,Potential Novel Cluster,Potential Novel Species (Cluster 0),0.0,Potential Novel Cluster,True
seq_72,-1,Unidentified,0.0,Noise,Unidentified,0.0,Noise,Unidentified,0.0,Noise,Unidentified,0.0,Noise,Unidentified,0.0,Noise,Unidentified,0.0,Noise,Unidentified,0.0,Noise,False
seq_73,0,Potential Novel Kingdom (Cluster 0),0.0,Potential Novel Cluster,Potential Novel Phylum (Cluster 0),0.0,Potential Novel Cluster,Potential Novel Class (Cluster 0),0.0,Potential Novel Cluster,Potential Novel Order (Cluster 0),0.0,Potential Novel Cluster,Potential Novel Family (Cluster 0),0.0,Potential Novel Cluster,Potential Novel Genus (Cluster 0),0.0,Potential Novel Cluster,Potential Novel Species (Cluster 0),0.0,Potential Novel Cluster,True
seq_74,0,Potential Novel Kingdom (Cluster 0),0.0,Potential Novel Cluster,Potential Novel Phylum (Cluster 0),0.0,Potential Novel Cluster,Potential Novel Class (Cluster 0),0.0,Potential Novel Cluster,Potential Novel Order (Cluster 0),0.0,Potential Novel Cluster,Potential Novel Family (Cluster 0),0.0,Potential Novel Cluster,Potential Novel Genus (Cluster 0),0.0,Potential Novel Cluster,Potential Novel Species (Cluster 0),0.0,Potential Novel Cluster,True
seq_75,-1,Unidentified,0.0,Noise,Unidentified,0.0,Noise,Unidentified,0.0,Noise,Unidentified,0.0,Noise,Unidentified,0.0,Noise,Unidentified,0.0,Noise,Unidentified,0.0,Noise,False
seq_76,0,Potential Novel Kingdom (Cluster 0),0.0,Potential Novel Cluster,Potential Novel Phylum (Cluster 0),0.0,Potential Novel Cluster,Potential Novel Class (Cluster 0),0.0,Potential Novel Cluster,Potential Novel Order (Cluster 0),0.0,Potential Novel Cluster,Potential Novel Family (Cluster 0),0.0,Potential Novel Cluster,Potential Novel Genus (Cluster 0),0.0,Potential Novel Cluster,Potential Novel Species (Cluster 0),0.0,Potential Novel Cluster,True
seq_77,1,Potential Novel Kingdom (Cluster 1),0.0,Potential Novel Cluster,Potential Novel Phylum (Cluster 1),0.0,Potential Novel Cluster,Potential Novel Class (Cluster 1),0.0,Potential Novel Cluster,Potential Novel Order (Cluster 1),0.0,Potential Novel Cluster,Potential Novel Family (Cluster 1),0.0,Potential Novel Cluster,Potential Novel Genus (Cluster 1),0.0,Potential Novel Cluster,Potential Novel Species (Cluster 1),0.0,Potential Novel Cluster,True
seq_78,0,Potential Novel Kingdom (Cluster 0),0.0,Potential Novel Cluster,Potential Novel Phylum (Cluster 0),0.0,Potential Novel Cluster,Potential Novel Class (Cluster 0),0.0,Potential Novel Cluster,Potential Novel Order (Cluster 0),0.0,Potential Novel Cluster,Potential Novel Family (Cluster 0),0.0,Potential Novel Cluster,Potential Novel Genus (Cluster 0),0.0,Potential Novel Cluster,Potential Novel Species (Cluster 0),0.0,Potential Novel Cluster,True
seq_79,1,Potential Novel Kingdom (Cluster 1),0.0,Potential Novel Cluster,Potential Novel Phylum (Cluster 1),0.0,Potential Novel Cluster,Potential Novel Class (Cluster 1),0.0,Potential Novel Cluster,Potential Novel Order (Cluster 1),0.0,Potential Novel Cluster,Potential Novel Family (Cluster 1),0.0,Potential Novel Cluster,Potential Novel Genus (Cluster 1),0.0,Potential Novel Cluster,Potential Novel Species (Cluster 1),0.0,Potential Novel Cluster,True
seq_80,-1,Unidentified,0.0,Noise,Unidentified,0.0,Noise,Unidentified,0.0,Noise,Unidentified,0.0,Noise,Unidentified,0.0,Noise,Unidentified,0.0,Noise,Unidentified,0.0,Noise,False
seq_81,0,Potential Novel Kingdom (Cluster 0),0.0,Potential Novel Cluster,Potential Novel Phylum (Cluster 0),0.0,Potential Novel Cluster,Potential Novel Class (Cluster 0),0.0,Potential Novel Cluster,Potential Novel Order (Cluster 0),0.0,Potential Novel Cluster,Potential Novel Family (Cluster 0),0.0,Potential Novel Cluster,Potential Novel Genus (Cluster 0),0.0,Potential Novel Cluster,Potential Novel Species (Cluster 0),0.0,Potential Novel Cluster,True
seq_82,-1,Unidentified,0.0,Noise,Unidentified,0.0,Noise,Unidentified,0.0,Noise,Unidentified,0.0,Noise,Unidentified,0.0,Noise,Unidentified,0.0,Noise,Unidentified,0.0,Noise,False
seq_83,-1,Unidentified,0.0,Noise,Unidentified,0.0,Noise,Unidentified,0.0,Noise,Unidentified,0.0,Noise,Unidentified,0.0,Noise,Unidentified,0.0,Noise,Unidentified,0.0,Noise,False
seq_84,0,Potential Novel Kingdom (Cluster 0),0.0,Potential Novel Cluster,Potential Novel Phylum (Cluster 0),0.0,Potential Novel Cluster,Potential Novel Class (Cluster 0),0.0,Potential Novel Cluster,Potential Novel Order (Cluster 0),0.0,Potential Novel Cluster,Potential Novel Family (Cluster 0),0.0,Potential Novel Cluster,Potential Novel Genus (Cluster 0),0.0,Potential Novel Cluster,Potential Novel Species (Cluster 0),0.0,Potential Novel Cluster,True
seq_85,0,Potential Novel Kingdom (Cluster 0),0.0,Potential Novel Cluster,Potential Novel Phylum (Cluster 0),0.0,Potential Novel Cluster,Potential Novel Class (Cluster 0),0.0,Potential Novel Cluster,Potential Novel Order (Cluster 0),0.0,Potential Novel Cluster,Potential Novel Family (Cluster 0),0.0,Potential Novel Cluster,Potential Novel Genus (Cluster 0),0.0,Potential Novel Cluster,Potential Novel Species (Cluster 0),0.0,Potential Novel Cluster,True
seq_86,0,Potential Novel Kingdom (Cluster 0),0.0,Potential Novel Cluster,Potential Novel Phylum (Cluster 0),0.0,Potential Novel Cluster,Potential Novel Class (Cluster 0),0.0,Potential Novel Cluster,Potential Novel Order (Cluster 0),0.0,Potential Novel Cluster,Potential Novel Family (Cluster 0),0.0,Potential Novel Cluster,Potential Novel Genus (Cluster 0),0.0,Potential Novel Cluster,Potential Novel Species (Cluster 0),0.0,Potential Novel Cluster,True
seq_87,-1,Unidentified,0.0,Noise,Unidentified,0.0,Noise,Unidentified,0.0,Noise,Unidentified,0.0,Noise,Unidentified,0.0,Noise,Unidentified,0.0,Noise,Unidentified,0.0,Noise,False
seq_88,-1,Unidentified,0.0,Noise,Unidentified,0.0,Noise,Unidentified,0.0,Noise,Unidentified,0.0,Noise,Unidentified,0.0,Noise,Unidentified,0.0,Noise,Unidentified,0.0,Noise,False
